{
	"" : 
	{
		"name" : "Light 0",
		"position" : 
		[
			1.2000000476837158,
			1.0,
			2.0
		],
		"rotation" : 
		[
			0.0,
			0.0,
			0.0
		],
		"scale" : 
		[
			0.20000000298023224,
			0.20000000298023224,
			0.20000000298023224
		]
	}
}